<?xml version="1.0" encoding="UTF-8"?>
<!DOCTYPE suite SYSTEM "http://testng.org/testng-1.0.dtd">
<suite name="Suite">
	<listeners>
		<listener class-name="utilities.ExtentReportManager" />
	</listeners>
	
  <test thread-count="5" name="Test">
  	<parameter name="os" value="Windows"/>
  	<parameter name="browser" value="chrome"/>
    <classes>
      <class name="testCases.TC_001_ValidateWelcomeMsg"/>
      <class name="testCases.TC_002_DefaultCountry_Lang"/>
      <class name="testCases.TC_003_GetLanguageDropDown"/>
     <class name="testCases.TC_004_GetTooltipDetails"/> 
    </classes>
  </test> <!-- Test -->
</suite> <!-- Suite -->
